,ghi,dni,dhi,temp_air,wind_speed,mydatetime,myTZtimestamp,Rad1h,TTT,PPPP,FF,Rad1wh,Rad1Energy,mytimestamp,ACSim,CellTempSim,DCSim
2020-10-23 04:00:00+00:00,0.0,0.0,0.0,28.119999999999997,1.03,2020-10-23T04:00:00.000Z,2020-10-23 04:00:00,0.0,28.119999999999997,101260.0,1.03,0.0,0.0,1603422000.0,-0.9,28.119999999999997,-0.0
2020-10-23 05:00:00+00:00,0.0,0.0,0.0,28.119999999999997,1.54,2020-10-23T05:00:00.000Z,2020-10-23 05:00:00,0.0,28.119999999999997,101220.0,1.54,0.0,0.0,1603425600.0,-0.9,28.119999999999997,-0.0
2020-10-23 06:00:00+00:00,0.0,0.0,0.0,28.119999999999997,1.54,2020-10-23T06:00:00.000Z,2020-10-23 06:00:00,0.0,28.119999999999997,101210.0,1.54,0.0,0.0,1603429200.0,-0.9,28.119999999999997,-0.0
2020-10-23 07:00:00+00:00,2.7777800000000004,0.0,2.777221398887441,28.22,1.54,2020-10-23T07:00:00.000Z,2020-10-23 07:00:00,10.0,28.22,101210.0,1.54,2.7777800000000004,23.90330801152,1603432800.0,-0.9,28.29257771215299,19.00121038652018
2020-10-23 08:00:00+00:00,13.888900000000001,0.0,13.87493497218602,28.42,1.54,2020-10-23T08:00:00.000Z,2020-10-23 08:00:00,50.0,28.42,101210.0,1.54,13.888900000000001,119.51654005760001,1603436400.0,76.51991465167995,28.78260060844067,103.08656518818944
2020-10-23 09:00:00+00:00,38.888920000000006,0.0,38.7794341819384,28.72,1.54,2020-10-23T09:00:00.000Z,2020-10-23 09:00:00,140.0,28.72,101210.0,1.54,38.888920000000006,334.64631216128004,1603440000.0,274.93020611352307,29.733467603990924,301.5095900685336
2020-10-23 10:00:00+00:00,61.111160000000005,0.0,60.84079706152133,28.92,1.54,2020-10-23T10:00:00.000Z,2020-10-23 10:00:00,220.0,28.92,101200.0,1.54,61.111160000000005,525.8727762534401,1603443600.0,454.75849239362185,30.51005796867495,481.17920132558686
2020-10-23 11:00:00+00:00,77.77784000000001,0.0,77.33989672775357,29.32,1.54,2020-10-23T11:00:00.000Z,2020-10-23 11:00:00,280.0,29.32,101180.0,1.54,77.77784000000001,669.2926243225601,1603447200.0,589.5359289179903,31.341291342426,615.9035529879349
2020-10-23 12:00:00+00:00,91.66674,0.0,91.058423388423,29.52,1.54,2020-10-23T12:00:00.000Z,2020-10-23 12:00:00,330.0,29.52,101160.0,1.54,91.66674,788.80916438016,1603450800.0,702.1002689378174,31.89986061832678,728.478460120835
2020-10-23 13:00:00+00:00,91.66674,0.0,91.058423388423,29.72,1.54,2020-10-23T13:00:00.000Z,2020-10-23 13:00:00,330.0,29.72,101140.0,1.54,91.66674,788.80916438016,1603454400.0,701.4490057336926,32.09986061832678,727.8506330096177
2020-10-23 14:00:00+00:00,80.55562,0.0,80.08583646433769,29.82,1.54,2020-10-23T14:00:00.000Z,2020-10-23 14:00:00,290.0,29.82,101130.0,1.54,80.55562,693.19593233408,1603458000.0,610.7520727845033,31.913062788071013,637.1452551317282
2020-10-23 15:00:00+00:00,55.555600000000005,0.0,55.555600000000005,29.72,1.54,2020-10-23T15:00:00.000Z,2020-10-23 15:00:00,200.0,29.72,101140.0,1.54,55.555600000000005,478.06616023040004,1603461600.0,409.79069996540795,31.171842195384066,436.2758726914511
2020-10-23 16:00:00+00:00,25.000020000000003,0.0,25.000020000000003,29.119999999999997,2.06,2020-10-23T16:00:00.000Z,2020-10-23 16:00:00,90.0,29.119999999999997,101180.0,2.06,25.000020000000003,215.12977210368,1603465200.0,163.69692775223024,29.75098523325079,190.33193349348764
2020-10-23 17:00:00+00:00,2.7777800000000004,0.0,2.7777800000000004,28.72,1.54,2020-10-23T17:00:00.000Z,2020-10-23 17:00:00,10.0,28.72,101230.0,1.54,2.7777800000000004,23.90330801152,1603468800.0,-0.9,28.792592109769203,18.95123256014859
2020-10-23 18:00:00+00:00,0.0,0.0,0.0,28.119999999999997,1.54,2020-10-23T18:00:00.000Z,2020-10-23 18:00:00,0.0,28.119999999999997,101270.0,1.54,0.0,0.0,1603472400.0,-0.9,28.119999999999997,-0.0
2020-10-23 19:00:00+00:00,0.0,0.0,0.0,27.92,2.06,2020-10-23T19:00:00.000Z,2020-10-23 19:00:00,0.0,27.92,101320.0,2.06,0.0,0.0,1603476000.0,-0.9,27.92,0.0
2020-10-23 20:00:00+00:00,0.0,0.0,0.0,27.72,2.06,2020-10-23T20:00:00.000Z,2020-10-23 20:00:00,0.0,27.72,101360.0,2.06,0.0,0.0,1603479600.0,-0.9,27.72,0.0
2020-10-23 21:00:00+00:00,0.0,0.0,0.0,27.32,2.06,2020-10-23T21:00:00.000Z,2020-10-23 21:00:00,0.0,27.32,101390.0,2.06,0.0,0.0,1603483200.0,-0.9,27.32,0.0
2020-10-23 22:00:00+00:00,0.0,0.0,0.0,26.92,2.06,2020-10-23T22:00:00.000Z,2020-10-23 22:00:00,0.0,26.92,101430.0,2.06,0.0,0.0,1603486800.0,-0.9,26.92,0.0
2020-10-23 23:00:00+00:00,0.0,0.0,0.0,27.02,2.06,2020-10-23T23:00:00.000Z,2020-10-23 23:00:00,0.0,27.02,101480.0,2.06,0.0,0.0,1603490400.0,-0.9,27.02,0.0
2020-10-24 00:00:00+00:00,0.0,0.0,0.0,26.92,2.06,2020-10-24T00:00:00.000Z,2020-10-24 00:00:00,0.0,26.92,101500.0,2.06,0.0,0.0,1603494000.0,-0.9,26.92,0.0
2020-10-24 01:00:00+00:00,0.0,0.0,0.0,26.619999999999997,2.06,2020-10-24T01:00:00.000Z,2020-10-24 01:00:00,0.0,26.619999999999997,101500.0,2.06,0.0,0.0,1603497600.0,-0.9,26.619999999999997,-0.0
2020-10-24 02:00:00+00:00,0.0,0.0,0.0,26.52,2.06,2020-10-24T02:00:00.000Z,2020-10-24 02:00:00,0.0,26.52,101500.0,2.06,0.0,0.0,1603501200.0,-0.9,26.52,0.0
2020-10-24 03:00:00+00:00,0.0,0.0,0.0,26.52,2.06,2020-10-24T03:00:00.000Z,2020-10-24 03:00:00,0.0,26.52,101490.0,2.06,0.0,0.0,1603504800.0,-0.9,26.52,0.0
2020-10-24 04:00:00+00:00,0.0,0.0,0.0,26.42,2.06,2020-10-24T04:00:00.000Z,2020-10-24 04:00:00,0.0,26.42,101490.0,2.06,0.0,0.0,1603508400.0,-0.9,26.42,0.0
2020-10-24 05:00:00+00:00,0.0,0.0,0.0,26.42,2.06,2020-10-24T05:00:00.000Z,2020-10-24 05:00:00,0.0,26.42,101480.0,2.06,0.0,0.0,1603512000.0,-0.9,26.42,0.0
2020-10-24 06:00:00+00:00,0.0,0.0,0.0,26.52,2.57,2020-10-24T06:00:00.000Z,2020-10-24 06:00:00,0.0,26.52,101500.0,2.57,0.0,0.0,1603515600.0,-0.9,26.52,0.0
2020-10-24 07:00:00+00:00,2.7777800000000004,0.0,2.777221712764812,26.82,2.57,2020-10-24T07:00:00.000Z,2020-10-24 07:00:00,10.0,26.82,101510.0,2.57,2.7777800000000004,23.90330801152,1603519200.0,-0.9,26.887753401367387,19.15274574246131
2020-10-24 08:00:00+00:00,38.888920000000006,0.0,38.779495701903016,27.42,2.57,2020-10-24T08:00:00.000Z,2020-10-24 08:00:00,140.0,27.42,101520.0,2.57,38.888920000000006,334.64631216128004,1603522800.0,276.8306871250597,28.366102806050097,303.39671335832935
2020-10-24 09:00:00+00:00,88.88896000000001,0.0,88.31727387116675,28.42,3.09,2020-10-24T09:00:00.000Z,2020-10-24 09:00:00,320.0,28.42,101520.0,3.09,88.88896000000001,764.90585636864,1603526400.0,683.6217617601422,30.501711303124086,709.8995832109824
2020-10-24 10:00:00+00:00,147.22234,0.0,145.65411115635487,29.22,3.6,2020-10-24T10:00:00.000Z,2020-10-24 10:00:00,530.0,29.22,101500.0,3.6,147.22234,1266.87532461056,1603530000.0,1157.4411868042591,32.53966834456039,1184.4029013335103
2020-10-24 11:00:00+00:00,177.77792000000002,0.0,175.491175484667,29.72,4.12,2020-10-24T11:00:00.000Z,2020-10-24 11:00:00,640.0,29.72,101480.0,4.12,177.77792000000002,1529.81171273728,1603533600.0,1402.8982775504012,33.58540678210982,1430.8050940768064
2020-10-24 12:00:00+00:00,191.66682000000003,0.0,189.0088144732665,30.22,4.12,2020-10-24T12:00:00.000Z,2020-10-24 12:00:00,690.0,30.22,101440.0,4.12,191.66682000000003,1649.3282527948802,1603537200.0,1511.5521247828171,34.383208220761055,1540.0798995977707
2020-10-24 13:00:00+00:00,180.55570000000003,0.0,178.19693643132766,30.32,4.12,2020-10-24T13:00:00.000Z,2020-10-24 13:00:00,650.0,30.32,101410.0,4.12,180.55570000000003,1553.7150207488003,1603540800.0,1421.616385374212,34.245015573796024,1449.7160483390444
2020-10-24 14:00:00+00:00,141.66678000000002,0.0,140.21467490127415,30.52,4.12,2020-10-24T14:00:00.000Z,2020-10-24 14:00:00,510.0,30.52,101370.0,4.12,141.66678000000002,1219.0687085875202,1603544400.0,1106.4035283308658,33.60828556019325,1133.4075795475003
2020-10-24 15:00:00+00:00,77.77784000000001,0.0,77.77784000000001,30.22,4.12,2020-10-24T15:00:00.000Z,2020-10-24 15:00:00,280.0,30.22,101320.0,4.12,77.77784000000001,669.2926243225601,1603548000.0,591.4939057030157,31.93284523944075,617.8944989233087
2020-10-24 16:00:00+00:00,27.777800000000003,0.0,27.777800000000003,29.72,3.6,2020-10-24T16:00:00.000Z,2020-10-24 16:00:00,100.0,29.72,101300.0,3.6,27.777800000000003,239.03308011520002,1603551600.0,185.32785728708097,30.353002776858247,211.95711001768206
2020-10-24 17:00:00+00:00,2.7777800000000004,0.0,2.7777800000000004,29.42,3.09,2020-10-24T17:00:00.000Z,2020-10-24 17:00:00,10.0,29.42,101270.0,3.09,2.7777800000000004,23.90330801152,1603555200.0,-0.9,29.485468758359165,18.876471959602547
2020-10-24 18:00:00+00:00,0.0,0.0,0.0,29.119999999999997,3.6,2020-10-24T18:00:00.000Z,2020-10-24 18:00:00,0.0,29.119999999999997,101250.0,3.6,0.0,0.0,1603558800.0,-0.9,29.119999999999997,0.0
2020-10-24 19:00:00+00:00,0.0,0.0,0.0,28.92,3.09,2020-10-24T19:00:00.000Z,2020-10-24 19:00:00,0.0,28.92,101230.0,3.09,0.0,0.0,1603562400.0,-0.9,28.92,0.0
2020-10-24 20:00:00+00:00,0.0,0.0,0.0,28.92,3.09,2020-10-24T20:00:00.000Z,2020-10-24 20:00:00,0.0,28.92,101230.0,3.09,0.0,0.0,1603566000.0,-0.9,28.92,0.0
2020-10-24 21:00:00+00:00,0.0,0.0,0.0,28.82,3.09,2020-10-24T21:00:00.000Z,2020-10-24 21:00:00,0.0,28.82,101210.0,3.09,0.0,0.0,1603569600.0,-0.9,28.82,-0.0
2020-10-24 22:00:00+00:00,0.0,0.0,0.0,28.82,3.09,2020-10-24T22:00:00.000Z,2020-10-24 22:00:00,0.0,28.82,101160.0,3.09,0.0,0.0,1603573200.0,-0.9,28.82,-0.0
2020-10-24 23:00:00+00:00,0.0,0.0,0.0,28.72,3.09,2020-10-24T23:00:00.000Z,2020-10-24 23:00:00,0.0,28.72,101130.0,3.09,0.0,0.0,1603576800.0,-0.9,28.72,0.0
2020-10-25 00:00:00+00:00,0.0,0.0,0.0,28.52,3.09,2020-10-25T00:00:00.000Z,2020-10-25 00:00:00,0.0,28.52,101070.0,3.09,0.0,0.0,1603580400.0,-0.9,28.52,0.0
2020-10-25 01:00:00+00:00,0.0,0.0,0.0,28.52,3.09,2020-10-25T01:00:00.000Z,2020-10-25 01:00:00,0.0,28.52,101000.0,3.09,0.0,0.0,1603584000.0,-0.9,28.52,0.0
2020-10-25 02:00:00+00:00,0.0,0.0,0.0,28.22,3.09,2020-10-25T02:00:00.000Z,2020-10-25 02:00:00,0.0,28.22,100960.0,3.09,0.0,0.0,1603587600.0,-0.9,28.22,-0.0
2020-10-25 03:00:00+00:00,0.0,0.0,0.0,28.22,3.09,2020-10-25T03:00:00.000Z,2020-10-25 03:00:00,0.0,28.22,100890.0,3.09,0.0,0.0,1603591200.0,-0.9,28.22,-0.0
2020-10-25 04:00:00+00:00,0.0,0.0,0.0,28.02,3.09,2020-10-25T04:00:00.000Z,2020-10-25 04:00:00,0.0,28.02,100820.0,3.09,0.0,0.0,1603594800.0,-0.9,28.02,-0.0
2020-10-25 05:00:00+00:00,0.0,0.0,0.0,27.82,3.09,2020-10-25T05:00:00.000Z,2020-10-25 05:00:00,0.0,27.82,100780.0,3.09,0.0,0.0,1603598400.0,-0.9,27.82,0.0
2020-10-25 06:00:00+00:00,0.0,0.0,0.0,27.82,3.09,2020-10-25T06:00:00.000Z,2020-10-25 06:00:00,0.0,27.82,100740.0,3.09,0.0,0.0,1603602000.0,-0.9,27.82,0.0
2020-10-25 07:00:00+00:00,2.7777800000000004,0.0,2.77722202466756,28.119999999999997,3.6,2020-10-25T07:00:00.000Z,2020-10-25 07:00:00,10.0,28.119999999999997,100710.0,3.6,2.7777800000000004,23.90330801152,1603605600.0,-0.9,28.1832877370374,19.01299155316698
2020-10-25 08:00:00+00:00,33.333360000000006,0.0,33.25301155212864,28.619999999999997,3.6,2020-10-25T08:00:00.000Z,2020-10-25 08:00:00,120.0,28.619999999999997,100690.0,3.6,33.333360000000006,286.83969613824,1603609200.0,230.48996443182014,29.377797478857083,257.10305826605713
2020-10-25 09:00:00+00:00,88.88896000000001,0.0,88.3175932595814,29.02,3.6,2020-10-25T09:00:00.000Z,2020-10-25 09:00:00,320.0,29.02,100670.0,3.6,88.88896000000001,764.90585636864,1603612800.0,681.9617320415177,31.032767261961954,708.2823185205636
2020-10-25 10:00:00+00:00,141.66678000000002,0.0,140.21548616032342,30.02,4.12,2020-10-25T10:00:00.000Z,2020-10-25 10:00:00,510.0,30.02,100660.0,4.12,141.66678000000002,1219.0687085875202,1603616400.0,1108.8555339893308,33.10830318072562,1135.7974645958252
2020-10-25 11:00:00+00:00,172.22236,0.0,170.07750282210046,30.52,4.12,2020-10-25T11:00:00.000Z,2020-10-25 11:00:00,620.0,30.52,100630.0,4.12,172.22236,1482.00509671424,1603620000.0,1353.340314911271,34.26614248406701,1381.160797406229
2020-10-25 12:00:00+00:00,180.55570000000003,0.0,178.19825422044082,30.619999999999997,4.12,2020-10-25T12:00:00.000Z,2020-10-25 12:00:00,650.0,30.619999999999997,100610.0,4.12,180.55570000000003,1553.7150207488003,1603623600.0,1419.7893888011686,34.54504419615252,1447.9248610320892
2020-10-25 13:00:00+00:00,163.88902000000002,0.0,161.94670786777618,30.82,4.12,2020-10-25T13:00:00.000Z,2020-10-25 13:00:00,590.0,30.82,100570.0,4.12,163.88902000000002,1410.29517267968,1603627200.0,1284.4565185522831,34.387022626121095,1312.0611114184044
2020-10-25 14:00:00+00:00,130.55566000000002,0.0,129.32309249063994,30.619999999999997,3.6,2020-10-25T14:00:00.000Z,2020-10-25 14:00:00,470.0,30.619999999999997,100520.0,3.6,130.55566000000002,1123.45547654144,1603630800.0,1015.3957888888742,33.567410758868895,1042.2120146780446
2020-10-25 15:00:00+00:00,77.77784000000001,0.0,77.77784000000001,30.22,3.09,2020-10-25T15:00:00.000Z,2020-10-25 15:00:00,280.0,30.22,100490.0,3.09,77.77784000000001,669.2926243225601,1603634400.0,591.1627351251828,32.05312523405653,617.5692591652603
2020-10-25 16:00:00+00:00,25.000020000000003,0.0,25.000020000000003,29.72,3.09,2020-10-25T16:00:00.000Z,2020-10-25 16:00:00,90.0,29.72,100480.0,3.09,25.000020000000003,215.12977210368,1603638000.0,163.1986628040748,30.309218825232456,189.82760199136627
2020-10-25 17:00:00+00:00,2.7777800000000004,0.0,2.7777800000000004,28.82,2.57,2020-10-25T17:00:00.000Z,2020-10-25 17:00:00,10.0,28.82,100480.0,2.57,2.7777800000000004,23.90330801152,1603641600.0,-0.9,28.887766834406364,18.940972547914424
2020-10-25 18:00:00+00:00,0.0,0.0,0.0,27.82,2.06,2020-10-25T18:00:00.000Z,2020-10-25 18:00:00,0.0,27.82,100520.0,2.06,0.0,0.0,1603645200.0,-0.9,27.82,0.0
2020-10-25 19:00:00+00:00,0.0,0.0,0.0,27.22,1.54,2020-10-25T19:00:00.000Z,2020-10-25 19:00:00,0.0,27.22,100550.0,1.54,0.0,0.0,1603648800.0,-0.9,27.22,0.0
2020-10-25 20:00:00+00:00,0.0,0.0,0.0,26.82,1.54,2020-10-25T20:00:00.000Z,2020-10-25 20:00:00,0.0,26.82,100470.0,1.54,0.0,0.0,1603652400.0,-0.9,26.82,0.0
2020-10-25 21:00:00+00:00,0.0,0.0,0.0,26.22,1.54,2020-10-25T21:00:00.000Z,2020-10-25 21:00:00,0.0,26.22,100470.0,1.54,0.0,0.0,1603656000.0,-0.9,26.22,0.0
2020-10-25 22:00:00+00:00,0.0,0.0,0.0,26.02,1.54,2020-10-25T22:00:00.000Z,2020-10-25 22:00:00,0.0,26.02,100490.0,1.54,0.0,0.0,1603659600.0,-0.9,26.02,0.0
2020-10-25 23:00:00+00:00,0.0,0.0,0.0,25.52,1.54,2020-10-25T23:00:00.000Z,2020-10-25 23:00:00,0.0,25.52,100480.0,1.54,0.0,0.0,1603663200.0,-0.9,25.52,0.0
2020-10-26 00:00:00+00:00,0.0,0.0,0.0,25.22,2.06,2020-10-26T00:00:00.000Z,2020-10-26 00:00:00,0.0,25.22,100480.0,2.06,0.0,0.0,1603666800.0,-0.9,25.22,0.0
2020-10-26 01:00:00+00:00,0.0,0.0,0.0,24.82,1.54,2020-10-26T01:00:00.000Z,2020-10-26 01:00:00,0.0,24.82,100470.0,1.54,0.0,0.0,1603670400.0,-0.9,24.82,0.0
2020-10-26 02:00:00+00:00,0.0,0.0,0.0,24.52,2.06,2020-10-26T02:00:00.000Z,2020-10-26 02:00:00,0.0,24.52,100460.0,2.06,0.0,0.0,1603674000.0,-0.9,24.52,0.0
2020-10-26 03:00:00+00:00,0.0,0.0,0.0,24.52,2.06,2020-10-26T03:00:00.000Z,2020-10-26 03:00:00,0.0,24.52,100460.0,2.06,0.0,0.0,1603677600.0,-0.9,24.52,0.0
2020-10-26 04:00:00+00:00,0.0,0.0,0.0,24.42,2.06,2020-10-26T04:00:00.000Z,2020-10-26 04:00:00,0.0,24.42,100460.0,2.06,0.0,0.0,1603681200.0,-0.9,24.42,0.0
2020-10-26 05:00:00+00:00,0.0,0.0,0.0,24.32,1.54,2020-10-26T05:00:00.000Z,2020-10-26 05:00:00,0.0,24.32,100490.0,1.54,0.0,0.0,1603684800.0,-0.9,24.32,0.0
2020-10-26 06:00:00+00:00,0.0,0.0,0.0,24.22,1.54,2020-10-26T06:00:00.000Z,2020-10-26 06:00:00,0.0,24.22,100480.0,1.54,0.0,0.0,1603688400.0,-0.9,24.22,0.0
2020-10-26 07:00:00+00:00,2.7777800000000004,0.0,2.7777800000000004,24.42,2.06,2020-10-26T07:00:00.000Z,2020-10-26 07:00:00,10.0,24.42,100540.0,2.06,2.7777800000000004,23.90330801152,1603692000.0,-0.9,24.4901094703612,19.41534357834747
2020-10-26 08:00:00+00:00,33.333360000000006,0.0,33.253056168215004,24.619999999999997,2.06,2020-10-26T08:00:00.000Z,2020-10-26 08:00:00,120.0,24.619999999999997,100570.0,2.06,33.333360000000006,286.83969613824,1603695600.0,235.15773370602952,25.45931464645858,261.7624746177225
2020-10-26 09:00:00+00:00,77.77784000000001,0.0,77.34063024917056,25.42,2.57,2020-10-26T09:00:00.000Z,2020-10-26 09:00:00,280.0,25.42,100600.0,2.57,77.77784000000001,669.2926243225601,1603699200.0,600.617332191096,27.306951589231954,626.7397577321838
2020-10-26 10:00:00+00:00,127.77788000000001,0.0,126.59785980515929,25.82,2.57,2020-10-26T10:00:00.000Z,2020-10-26 10:00:00,460.0,25.82,100600.0,2.57,127.77788000000001,1099.55216852992,1603702800.0,1013.2368933360534,28.908881726961308,1039.4931227060565
2020-10-26 11:00:00+00:00,163.88902000000002,0.0,161.9477863996973,26.119999999999997,3.09,2020-10-26T11:00:00.000Z,2020-10-26 11:00:00,590.0,26.119999999999997,100590.0,3.09,163.88902000000002,1410.29517267968,1603706400.0,1309.4459104244768,29.9375323596426,1336.4257366751585
2020-10-26 12:00:00+00:00,186.11126000000002,0.0,183.60789957720226,26.72,3.09,2020-10-26T12:00:00.000Z,2020-10-26 12:00:00,670.0,26.72,100600.0,3.09,186.11126000000002,1601.5216367718401,1603710000.0,1487.3125638351794,31.04821567023427,1515.1111686297822
2020-10-26 13:00:00+00:00,186.11126000000002,0.0,183.60789957720226,26.92,3.09,2020-10-26T13:00:00.000Z,2020-10-26 13:00:00,670.0,26.92,100580.0,3.09,186.11126000000002,1601.5216367718401,1603713600.0,1486.052569901884,31.248215670234273,1513.876328319186
2020-10-26 14:00:00+00:00,144.44456000000002,0.0,142.9366324920372,27.02,3.09,2020-10-26T14:00:00.000Z,2020-10-26 14:00:00,520.0,27.02,100600.0,3.09,144.44456000000002,1242.9720165990402,1603717200.0,1145.2639741993598,30.389323342428888,1171.8986194149986
2020-10-26 15:00:00+00:00,88.88896000000001,0.0,88.88896000000001,26.42,2.57,2020-10-26T15:00:00.000Z,2020-10-26 15:00:00,320.0,26.42,100620.0,2.57,88.88896000000001,764.90585636864,1603720800.0,694.3556378962834,28.588538701003642,720.4958997068464
2020-10-26 16:00:00+00:00,30.555580000000003,0.0,30.555580000000003,25.82,2.57,2020-10-26T16:00:00.000Z,2020-10-26 16:00:00,110.0,25.82,100660.0,2.57,30.555580000000003,262.93638812672003,1603724400.0,211.7436946599634,26.565435178470004,238.3762691162495
2020-10-26 17:00:00+00:00,2.7777800000000004,0.0,2.7777800000000004,24.82,2.06,2020-10-26T17:00:00.000Z,2020-10-26 17:00:00,10.0,24.82,100720.0,2.06,2.7777800000000004,23.90330801152,1603728000.0,-0.9,24.8901094703612,19.37223074585412
2020-10-26 18:00:00+00:00,0.0,0.0,0.0,24.22,2.57,2020-10-26T18:00:00.000Z,2020-10-26 18:00:00,0.0,24.22,100750.0,2.57,0.0,0.0,1603731600.0,-0.9,24.22,0.0
2020-10-26 19:00:00+00:00,0.0,0.0,0.0,23.72,2.06,2020-10-26T19:00:00.000Z,2020-10-26 19:00:00,0.0,23.72,100800.0,2.06,0.0,0.0,1603735200.0,-0.9,23.72,0.0
2020-10-26 20:00:00+00:00,0.0,0.0,0.0,23.52,2.06,2020-10-26T20:00:00.000Z,2020-10-26 20:00:00,0.0,23.52,100850.0,2.06,0.0,0.0,1603738800.0,-0.9,23.52,0.0
2020-10-26 21:00:00+00:00,0.0,0.0,0.0,23.32,2.57,2020-10-26T21:00:00.000Z,2020-10-26 21:00:00,0.0,23.32,100890.0,2.57,0.0,0.0,1603742400.0,-0.9,23.32,-0.0
2020-10-26 22:00:00+00:00,0.0,0.0,0.0,23.22,2.06,2020-10-26T22:00:00.000Z,2020-10-26 22:00:00,0.0,23.22,100910.0,2.06,0.0,0.0,1603746000.0,-0.9,23.22,0.0
2020-10-26 23:00:00+00:00,0.0,0.0,0.0,23.119999999999997,2.06,2020-10-26T23:00:00.000Z,2020-10-26 23:00:00,0.0,23.119999999999997,100920.0,2.06,0.0,0.0,1603749600.0,-0.9,23.119999999999997,0.0
2020-10-27 00:00:00+00:00,0.0,0.0,0.0,23.02,2.06,2020-10-27T00:00:00.000Z,2020-10-27 00:00:00,0.0,23.02,100920.0,2.06,0.0,0.0,1603753200.0,-0.9,23.02,0.0
2020-10-27 01:00:00+00:00,0.0,0.0,0.0,22.92,2.06,2020-10-27T01:00:00.000Z,2020-10-27 01:00:00,0.0,22.92,100930.0,2.06,0.0,0.0,1603756800.0,-0.9,22.92,-0.0
2020-10-27 02:00:00+00:00,0.0,0.0,0.0,22.82,2.06,2020-10-27T02:00:00.000Z,2020-10-27 02:00:00,0.0,22.82,100960.0,2.06,0.0,0.0,1603760400.0,-0.9,22.82,-0.0
2020-10-27 03:00:00+00:00,0.0,0.0,0.0,22.62,2.06,2020-10-27T03:00:00.000Z,2020-10-27 03:00:00,0.0,22.62,100970.0,2.06,0.0,0.0,1603764000.0,-0.9,22.62,-0.0
2020-10-27 04:00:00+00:00,0.0,0.0,0.0,22.52,2.06,2020-10-27T04:00:00.000Z,2020-10-27 04:00:00,0.0,22.52,101020.0,2.06,0.0,0.0,1603767600.0,-0.9,22.52,-0.0
2020-10-27 05:00:00+00:00,0.0,0.0,0.0,22.42,2.06,2020-10-27T05:00:00.000Z,2020-10-27 05:00:00,0.0,22.42,101040.0,2.06,0.0,0.0,1603771200.0,-0.9,22.42,-0.0
2020-10-27 06:00:00+00:00,0.0,0.0,0.0,22.62,2.06,2020-10-27T06:00:00.000Z,2020-10-27 06:00:00,0.0,22.62,101080.0,2.06,0.0,0.0,1603774800.0,-0.9,22.62,-0.0
2020-10-27 07:00:00+00:00,2.7777800000000004,0.0,2.7777800000000004,23.02,2.06,2020-10-27T07:00:00.000Z,2020-10-27 07:00:00,10.0,23.02,101100.0,2.06,2.7777800000000004,23.90330801152,1603778400.0,-0.9,23.0901094703612,19.56632953355802
2020-10-27 08:00:00+00:00,38.888920000000006,0.0,38.77967786590958,24.02,2.57,2020-10-27T08:00:00.000Z,2020-10-27 08:00:00,140.0,24.02,101140.0,2.57,38.888920000000006,334.64631216128004,1603782000.0,281.5564527776815,24.966107189127563,308.0863046593388
2020-10-27 09:00:00+00:00,102.77786,0.0,102.01483713484802,24.52,2.57,2020-10-27T09:00:00.000Z,2020-10-27 09:00:00,370.0,24.52,101150.0,2.57,102.77786,884.42239642624,1603785600.0,811.2105918847303,27.009013657133746,837.171900240069
2020-10-27 10:00:00+00:00,166.66680000000002,0.0,164.66031182282902,26.02,2.57,2020-10-27T10:00:00.000Z,2020-10-27 10:00:00,600.0,26.02,101160.0,2.57,166.66680000000002,1434.1984806912,1603789200.0,1332.0156377691942,30.037731629578197,1359.072153655016
2020-10-27 11:00:00+00:00,211.11128000000002,0.0,207.89198119129455,26.92,3.09,2020-10-27T11:00:00.000Z,2020-10-27 11:00:00,760.0,26.92,101170.0,3.09,211.11128000000002,1816.65140887552,1603792800.0,1688.5636537949026,31.820792357025812,1717.476424830446
2020-10-27 12:00:00+00:00,227.77796,0.0,224.03028597130617,27.32,3.6,2020-10-27T12:00:00.000Z,2020-10-27 12:00:00,820.0,27.32,101100.0,3.6,227.77796,1960.07125694464,1603796400.0,1821.0743657954474,32.42639276997986,1850.881189002061
2020-10-27 13:00:00+00:00,213.88906000000003,0.0,210.58448544376478,27.72,3.6,2020-10-27T13:00:00.000Z,2020-10-27 13:00:00,770.0,27.72,101090.0,3.6,213.88906000000003,1840.55471688704,1603800000.0,1706.38830947291,32.519850163556235,1735.5489580084566
2020-10-27 14:00:00+00:00,169.44458,0.0,167.37065152576298,27.72,3.6,2020-10-27T14:00:00.000Z,2020-10-27 14:00:00,610.0,27.72,101070.0,3.6,169.44458,1458.10178870272,1603803600.0,1346.4593505413936,31.534704828341685,1373.8026724505514
2020-10-27 15:00:00+00:00,100.00008000000001,0.0,100.00008000000001,27.32,3.09,2020-10-27T15:00:00.000Z,2020-10-27 15:00:00,360.0,27.32,101040.0,3.09,100.00008000000001,860.51908841472,1603807200.0,784.5194793315868,29.676875300929826,810.7295574152614
2020-10-27 16:00:00+00:00,33.333360000000006,0.0,33.333360000000006,26.92,3.09,2020-10-27T16:00:00.000Z,2020-10-27 16:00:00,120.0,26.92,101060.0,3.09,33.333360000000006,286.83969613824,1603810800.0,233.12843150120406,27.70562510030994,259.7381057761826
2020-10-27 17:00:00+00:00,2.7777800000000004,0.0,2.7777800000000004,26.22,3.09,2020-10-27T17:00:00.000Z,2020-10-27 17:00:00,10.0,26.22,101090.0,3.09,2.7777800000000004,23.90330801152,1603814400.0,-0.9,26.285468758359162,19.221712318569864
2020-10-27 18:00:00+00:00,0.0,0.0,0.0,25.42,2.57,2020-10-27T18:00:00.000Z,2020-10-27 18:00:00,0.0,25.42,101040.0,2.57,0.0,0.0,1603818000.0,-0.9,25.42,0.0
2020-10-27 19:00:00+00:00,0.0,0.0,0.0,25.22,2.57,2020-10-27T19:00:00.000Z,2020-10-27 19:00:00,0.0,25.22,101060.0,2.57,0.0,0.0,1603821600.0,-0.9,25.22,0.0
2020-10-27 20:00:00+00:00,0.0,0.0,0.0,25.119999999999997,2.57,2020-10-27T20:00:00.000Z,2020-10-27 20:00:00,0.0,25.119999999999997,101080.0,2.57,0.0,0.0,1603825200.0,-0.9,25.119999999999997,0.0
2020-10-27 21:00:00+00:00,0.0,0.0,0.0,24.72,2.57,2020-10-27T21:00:00.000Z,2020-10-27 21:00:00,0.0,24.72,101110.0,2.57,0.0,0.0,1603828800.0,-0.9,24.72,0.0
2020-10-27 22:00:00+00:00,0.0,0.0,0.0,24.72,2.57,2020-10-27T22:00:00.000Z,2020-10-27 22:00:00,0.0,24.72,101120.0,2.57,0.0,0.0,1603832400.0,-0.9,24.72,0.0
2020-10-27 23:00:00+00:00,0.0,0.0,0.0,24.72,3.09,2020-10-27T23:00:00.000Z,2020-10-27 23:00:00,0.0,24.72,101090.0,3.09,0.0,0.0,1603836000.0,-0.9,24.72,0.0
2020-10-28 00:00:00+00:00,0.0,0.0,0.0,25.32,3.09,2020-10-28T00:00:00.000Z,2020-10-28 00:00:00,0.0,25.32,101050.0,3.09,0.0,0.0,1603839600.0,-0.9,25.32,0.0
2020-10-28 01:00:00+00:00,0.0,0.0,0.0,25.42,3.09,2020-10-28T01:00:00.000Z,2020-10-28 01:00:00,0.0,25.42,101070.0,3.09,0.0,0.0,1603843200.0,-0.9,25.42,0.0
2020-10-28 02:00:00+00:00,0.0,0.0,0.0,24.92,3.09,2020-10-28T02:00:00.000Z,2020-10-28 02:00:00,0.0,24.92,101030.0,3.09,0.0,0.0,1603846800.0,-0.9,24.92,0.0
2020-10-28 03:00:00+00:00,0.0,0.0,0.0,25.119999999999997,3.09,2020-10-28T03:00:00.000Z,2020-10-28 03:00:00,0.0,25.119999999999997,101020.0,3.09,0.0,0.0,1603850400.0,-0.9,25.119999999999997,0.0
2020-10-28 04:00:00+00:00,0.0,0.0,0.0,25.119999999999997,3.09,2020-10-28T04:00:00.000Z,2020-10-28 04:00:00,0.0,25.119999999999997,101010.0,3.09,0.0,0.0,1603854000.0,-0.9,25.119999999999997,0.0
2020-10-28 05:00:00+00:00,0.0,0.0,0.0,25.22,3.09,2020-10-28T05:00:00.000Z,2020-10-28 05:00:00,0.0,25.22,101000.0,3.09,0.0,0.0,1603857600.0,-0.9,25.22,0.0
2020-10-28 06:00:00+00:00,0.0,0.0,0.0,25.32,3.09,2020-10-28T06:00:00.000Z,2020-10-28 06:00:00,0.0,25.32,101030.0,3.09,0.0,0.0,1603861200.0,-0.9,25.32,0.0
2020-10-28 07:00:00+00:00,2.7777800000000004,0.0,2.7777800000000004,25.82,2.57,2020-10-28T07:00:00.000Z,2020-10-28 07:00:00,10.0,25.82,101040.0,2.57,2.7777800000000004,23.90330801152,1603864800.0,-0.9,25.887766834406364,19.264628513962872
2020-10-28 08:00:00+00:00,30.555580000000003,0.0,30.488176658284026,26.119999999999997,3.09,2020-10-28T08:00:00.000Z,2020-10-28 08:00:00,110.0,26.119999999999997,101100.0,3.09,30.555580000000003,262.93638812672003,1603868400.0,210.9027290196523,26.838589537088378,237.53513295195862
2020-10-28 09:00:00+00:00,88.88896000000001,0.0,88.31853833126317,26.82,3.09,2020-10-28T09:00:00.000Z,2020-10-28 09:00:00,320.0,26.82,101110.0,3.09,88.88896000000001,764.90585636864,1603872000.0,688.6299193759485,28.901740695765113,714.7921094217008
2020-10-28 10:00:00+00:00,141.66678000000002,0.0,140.217886679312,27.22,3.6,2020-10-28T10:00:00.000Z,2020-10-28 10:00:00,510.0,27.22,101130.0,3.6,141.66678000000002,1219.0687085875202,1603875600.0,1122.0489745539721,30.4157498877524,1148.644495169092
2020-10-28 11:00:00+00:00,180.55570000000003,0.0,178.20215356404967,28.02,3.6,2020-10-28T11:00:00.000Z,2020-10-28 11:00:00,650.0,28.02,101140.0,3.6,180.55570000000003,1553.7150207488003,1603879200.0,1434.9786696131414,32.08162144880998,1462.7466372576735
2020-10-28 12:00:00+00:00,186.11126000000002,0.0,183.61065172757841,28.72,4.12,2020-10-28T12:00:00.000Z,2020-10-28 12:00:00,670.0,28.72,101160.0,4.12,186.11126000000002,1601.5216367718401,1603882800.0,1476.4771712886213,32.764280797841714,1504.5355955583595
2020-10-28 13:00:00+00:00,169.44458,0.0,167.37178797913106,29.02,4.12,2020-10-28T13:00:00.000Z,2020-10-28 13:00:00,610.0,29.02,101140.0,4.12,169.44458,1458.10178870272,1603886400.0,1339.6713201794482,32.706534693752175,1367.192539829613
2020-10-28 14:00:00+00:00,130.55566000000002,0.0,129.32513122437533,29.02,4.12,2020-10-28T14:00:00.000Z,2020-10-28 14:00:00,470.0,29.02,101150.0,4.12,130.55566000000002,1123.45547654144,1603890000.0,1023.0969211563594,31.868406016994587,1049.7193271948884
2020-10-28 15:00:00+00:00,77.77784000000001,0.0,77.77784000000001,28.72,3.6,2020-10-28T15:00:00.000Z,2020-10-28 15:00:00,280.0,28.72,101160.0,3.6,77.77784000000001,669.2926243225601,1603893600.0,595.4693258269369,30.492407775203095,621.7842066292822
2020-10-28 16:00:00+00:00,25.000020000000003,0.0,25.000020000000003,27.92,3.09,2020-10-28T16:00:00.000Z,2020-10-28 16:00:00,90.0,27.92,101210.0,3.09,25.000020000000003,215.12977210368,1603897200.0,164.80500660210086,28.50921882523246,191.4535363125964
2020-10-28 17:00:00+00:00,0.0,0.0,0.0,27.32,3.09,2020-10-28T17:00:00.000Z,2020-10-28 17:00:00,0.0,27.32,101240.0,3.09,0.0,0.0,1603900800.0,-0.9,27.32,0.0
2020-10-28 18:00:00+00:00,0.0,0.0,0.0,26.52,3.09,2020-10-28T18:00:00.000Z,2020-10-28 18:00:00,0.0,26.52,101300.0,3.09,0.0,0.0,1603904400.0,-0.9,26.52,0.0
2020-10-28 19:00:00+00:00,0.0,0.0,0.0,26.52,3.09,2020-10-28T19:00:00.000Z,2020-10-28 19:00:00,0.0,26.52,101290.0,3.09,0.0,0.0,1603908000.0,-0.9,26.52,0.0
2020-10-28 20:00:00+00:00,0.0,0.0,0.0,26.52,3.09,2020-10-28T20:00:00.000Z,2020-10-28 20:00:00,0.0,26.52,101330.0,3.09,0.0,0.0,1603911600.0,-0.9,26.52,0.0
2020-10-28 21:00:00+00:00,0.0,0.0,0.0,25.82,3.09,2020-10-28T21:00:00.000Z,2020-10-28 21:00:00,0.0,25.82,101340.0,3.09,0.0,0.0,1603915200.0,-0.9,25.82,0.0
2020-10-28 22:00:00+00:00,0.0,0.0,0.0,25.82,3.09,2020-10-28T22:00:00.000Z,2020-10-28 22:00:00,0.0,25.82,101340.0,3.09,0.0,0.0,1603918800.0,-0.9,25.82,0.0
2020-10-28 23:00:00+00:00,0.0,0.0,0.0,25.619999999999997,3.09,2020-10-28T23:00:00.000Z,2020-10-28 23:00:00,0.0,25.619999999999997,101370.0,3.09,0.0,0.0,1603922400.0,-0.9,25.619999999999997,0.0
2020-10-29 00:00:00+00:00,0.0,0.0,0.0,25.52,3.09,2020-10-29T00:00:00.000Z,2020-10-29 00:00:00,0.0,25.52,101400.0,3.09,0.0,0.0,1603926000.0,-0.9,25.52,0.0
2020-10-29 01:00:00+00:00,0.0,0.0,0.0,25.52,3.09,2020-10-29T01:00:00.000Z,2020-10-29 01:00:00,0.0,25.52,101340.0,3.09,0.0,0.0,1603929600.0,-0.9,25.52,0.0
2020-10-29 02:00:00+00:00,0.0,0.0,0.0,25.52,3.09,2020-10-29T02:00:00.000Z,2020-10-29 02:00:00,0.0,25.52,101350.0,3.09,0.0,0.0,1603933200.0,-0.9,25.52,0.0
2020-10-29 03:00:00+00:00,0.0,0.0,0.0,25.42,3.09,2020-10-29T03:00:00.000Z,2020-10-29 03:00:00,0.0,25.42,101350.0,3.09,0.0,0.0,1603936800.0,-0.9,25.42,0.0
2020-10-29 04:00:00+00:00,0.0,0.0,0.0,25.42,3.09,2020-10-29T04:00:00.000Z,2020-10-29 04:00:00,0.0,25.42,101360.0,3.09,0.0,0.0,1603940400.0,-0.9,25.42,0.0
2020-10-29 05:00:00+00:00,0.0,0.0,0.0,25.42,3.09,2020-10-29T05:00:00.000Z,2020-10-29 05:00:00,0.0,25.42,101380.0,3.09,0.0,0.0,1603944000.0,-0.9,25.42,0.0
2020-10-29 06:00:00+00:00,0.0,0.0,0.0,25.52,3.09,2020-10-29T06:00:00.000Z,2020-10-29 06:00:00,0.0,25.52,101480.0,3.09,0.0,0.0,1603947600.0,-0.9,25.52,0.0
2020-10-29 07:00:00+00:00,2.7777800000000004,0.0,2.7777800000000004,25.72,3.09,2020-10-29T07:00:00.000Z,2020-10-29 07:00:00,10.0,25.72,101520.0,3.09,2.7777800000000004,23.90330801152,1603951200.0,-0.9,25.785468758359162,19.275650436332022
2020-10-29 08:00:00+00:00,30.555580000000003,0.0,30.488213329559006,26.02,3.6,2020-10-29T08:00:00.000Z,2020-10-29 08:00:00,110.0,26.02,101550.0,3.6,30.555580000000003,262.93638812672003,1603954800.0,211.03815807182073,26.714788970174627,237.67072233198252
2020-10-29 09:00:00+00:00,80.55562,0.0,80.08739380296794,27.32,3.6,2020-10-29T09:00:00.000Z,2020-10-29 09:00:00,290.0,27.32,101590.0,3.6,80.55562,693.19593233408,1603958400.0,618.6219462770656,29.145184540866598,644.845527788113
2020-10-29 10:00:00+00:00,127.77788000000001,0.0,126.59979839129629,28.02,4.12,2020-10-29T10:00:00.000Z,2020-10-29 10:00:00,460.0,28.02,101610.0,4.12,127.77788000000001,1099.55216852992,1603962000.0,1004.8472260933005,30.808372124277522,1031.3109329886154
2020-10-29 11:00:00+00:00,163.88902000000002,0.0,161.95097553880075,28.52,4.12,2020-10-29T11:00:00.000Z,2020-10-29 11:00:00,590.0,28.52,101600.0,4.12,163.88902000000002,1410.29517267968,1603965600.0,1297.3980062873184,32.08711531986115,1324.6899176687189
2020-10-29 12:00:00+00:00,177.77792000000002,0.0,175.4974746931709,28.92,4.12,2020-10-29T12:00:00.000Z,2020-10-29 12:00:00,640.0,28.92,101660.0,4.12,177.77792000000002,1529.81171273728,1603969200.0,1407.79377320471,32.7855436008084,1435.5888517528078
2020-10-29 13:00:00+00:00,166.66680000000002,0.0,164.6625023670447,29.119999999999997,4.12,2020-10-29T13:00:00.000Z,2020-10-29 13:00:00,600.0,29.119999999999997,101580.0,4.12,166.66680000000002,1434.1984806912,1603972800.0,1316.5737318183865,32.746849346394534,1344.0261696543091
2020-10-29 14:00:00+00:00,127.77788000000001,0.0,126.59979839129629,29.119999999999997,4.12,2020-10-29T14:00:00.000Z,2020-10-29 14:00:00,460.0,29.119999999999997,101570.0,4.12,127.77788000000001,1099.55216852992,1603976400.0,999.9681723478508,31.90837212427752,1026.5622278370947
2020-10-29 15:00:00+00:00,77.77784000000001,0.0,77.77784000000001,28.42,4.12,2020-10-29T15:00:00.000Z,2020-10-29 15:00:00,280.0,28.42,101600.0,4.12,77.77784000000001,669.2926243225601,1603980000.0,596.458672459025,30.13284523944075,622.7553743390466
2020-10-29 16:00:00+00:00,22.222240000000003,0.0,22.222240000000003,27.82,3.6,2020-10-29T16:00:00.000Z,2020-10-29 16:00:00,80.0,27.82,101590.0,3.6,22.222240000000003,191.22646409216,1603983600.0,142.7131916661271,28.326402221486596,169.36336379579166
2020-10-29 17:00:00+00:00,0.0,0.0,0.0,27.52,3.09,2020-10-29T17:00:00.000Z,2020-10-29 17:00:00,0.0,27.52,101610.0,3.09,0.0,0.0,1603987200.0,-0.9,27.52,0.0
2020-10-29 18:00:00+00:00,0.0,0.0,0.0,27.22,3.09,2020-10-29T18:00:00.000Z,2020-10-29 18:00:00,0.0,27.22,101650.0,3.09,0.0,0.0,1603990800.0,-0.9,27.22,0.0
2020-10-29 19:00:00+00:00,0.0,0.0,0.0,26.92,3.09,2020-10-29T19:00:00.000Z,2020-10-29 19:00:00,0.0,26.92,101650.0,3.09,0.0,0.0,1603994400.0,-0.9,26.92,0.0
2020-10-29 20:00:00+00:00,0.0,0.0,0.0,26.72,3.09,2020-10-29T20:00:00.000Z,2020-10-29 20:00:00,0.0,26.72,101650.0,3.09,0.0,0.0,1603998000.0,-0.9,26.72,-0.0
2020-10-29 21:00:00+00:00,0.0,0.0,0.0,26.52,3.09,2020-10-29T21:00:00.000Z,2020-10-29 21:00:00,0.0,26.52,101650.0,3.09,0.0,0.0,1604001600.0,-0.9,26.52,0.0
2020-10-29 22:00:00+00:00,0.0,0.0,0.0,26.119999999999997,3.09,2020-10-29T22:00:00.000Z,2020-10-29 22:00:00,0.0,26.119999999999997,101650.0,3.09,0.0,0.0,1604005200.0,-0.9,26.119999999999997,0.0
2020-10-29 23:00:00+00:00,0.0,0.0,0.0,26.02,3.09,2020-10-29T23:00:00.000Z,2020-10-29 23:00:00,0.0,26.02,101660.0,3.09,0.0,0.0,1604008800.0,-0.9,26.02,0.0
2020-10-30 00:00:00+00:00,0.0,0.0,0.0,26.02,3.09,2020-10-30T00:00:00.000Z,2020-10-30 00:00:00,0.0,26.02,101680.0,3.09,0.0,0.0,1604012400.0,-0.9,26.02,0.0
2020-10-30 01:00:00+00:00,0.0,0.0,0.0,25.92,3.09,2020-10-30T01:00:00.000Z,2020-10-30 01:00:00,0.0,25.92,101680.0,3.09,0.0,0.0,1604016000.0,-0.9,25.92,0.0
2020-10-30 02:00:00+00:00,0.0,0.0,0.0,25.82,3.09,2020-10-30T02:00:00.000Z,2020-10-30 02:00:00,0.0,25.82,101660.0,3.09,0.0,0.0,1604019600.0,-0.9,25.82,0.0
2020-10-30 03:00:00+00:00,0.0,0.0,0.0,25.619999999999997,3.09,2020-10-30T03:00:00.000Z,2020-10-30 03:00:00,0.0,25.619999999999997,101630.0,3.09,0.0,0.0,1604023200.0,-0.9,25.619999999999997,0.0
2020-10-30 04:00:00+00:00,0.0,0.0,0.0,25.619999999999997,3.09,2020-10-30T04:00:00.000Z,2020-10-30 04:00:00,0.0,25.619999999999997,101630.0,3.09,0.0,0.0,1604026800.0,-0.9,25.619999999999997,0.0
2020-10-30 05:00:00+00:00,0.0,0.0,0.0,25.52,3.09,2020-10-30T05:00:00.000Z,2020-10-30 05:00:00,0.0,25.52,101640.0,3.09,0.0,0.0,1604030400.0,-0.9,25.52,0.0
2020-10-30 06:00:00+00:00,0.0,0.0,0.0,25.52,3.09,2020-10-30T06:00:00.000Z,2020-10-30 06:00:00,0.0,25.52,101650.0,3.09,0.0,0.0,1604034000.0,-0.9,25.52,0.0
2020-10-30 07:00:00+00:00,2.7777800000000004,0.0,2.7777800000000004,25.72,3.09,2020-10-30T07:00:00.000Z,2020-10-30 07:00:00,10.0,25.72,101660.0,3.09,2.7777800000000004,23.90330801152,1604037600.0,-0.9,25.785468758359162,19.275650436332022
2020-10-30 08:00:00+00:00,30.555580000000003,0.0,30.488249705669595,26.119999999999997,3.09,2020-10-30T08:00:00.000Z,2020-10-30 08:00:00,110.0,26.119999999999997,101700.0,3.09,30.555580000000003,262.93638812672003,1604041200.0,210.90331517883496,26.838591235090227,237.5357185346141
2020-10-30 09:00:00+00:00,91.66674,0.0,91.06076735102634,27.02,3.6,2020-10-30T09:00:00.000Z,2020-10-30 09:00:00,330.0,27.02,101710.0,3.6,91.66674,788.80916438016,1604044800.0,711.141917763809,29.095289762374676,737.3132713968855
2020-10-30 10:00:00+00:00,144.44456000000002,0.0,142.93992267876516,27.52,4.12,2020-10-30T10:00:00.000Z,2020-10-30 10:00:00,520.0,27.52,101710.0,4.12,144.44456000000002,1242.9720165990402,1604048400.0,1143.8896000146553,30.668317605504434,1170.574531812984
2020-10-30 11:00:00+00:00,180.55570000000003,0.0,178.20470418557053,28.02,4.12,2020-10-30T11:00:00.000Z,2020-10-30 11:00:00,650.0,28.02,101700.0,4.12,180.55570000000003,1553.7150207488003,1604052000.0,1435.8354950371433,31.945184289282388,1463.5868607411903
2020-10-30 12:00:00+00:00,188.88904000000002,0.0,186.31602114889424,28.52,4.63,2020-10-30T12:00:00.000Z,2020-10-30 12:00:00,680.0,28.52,101700.0,4.63,188.88904000000002,1625.4249447833602,1604055600.0,1501.1046783800412,32.48922035028439,1529.2234070971658
2020-10-30 13:00:00+00:00,172.22236,0.0,170.08337114540427,28.72,4.63,2020-10-30T13:00:00.000Z,2020-10-30 13:00:00,620.0,28.72,101680.0,4.63,172.22236,1482.00509671424,1604059200.0,1364.6930495614447,32.343343510447276,1392.2479013836942
2020-10-30 14:00:00+00:00,130.55566000000002,0.0,129.326464791935,28.52,4.12,2020-10-30T14:00:00.000Z,2020-10-30 14:00:00,470.0,28.52,101670.0,4.12,130.55566000000002,1123.45547654144,1604062800.0,1025.3698324561879,31.368434982058673,1051.9339662476627
2020-10-30 15:00:00+00:00,83.33340000000001,0.0,83.33340000000001,28.02,4.12,2020-10-30T15:00:00.000Z,2020-10-30 15:00:00,300.0,28.02,101680.0,4.12,83.33340000000001,717.0992403456,1604066400.0,643.7453519528373,29.85519132797223,670.0014090550864
2020-10-30 16:00:00+00:00,25.000020000000003,0.0,25.000020000000003,27.32,3.6,2020-10-30T16:00:00.000Z,2020-10-30 16:00:00,90.0,27.32,101700.0,3.6,25.000020000000003,215.12977210368,1604070000.0,165.35750746459237,27.889702499172422,192.01289278784452
2020-10-30 17:00:00+00:00,0.0,0.0,0.0,26.619999999999997,3.6,2020-10-30T17:00:00.000Z,2020-10-30 17:00:00,0.0,26.619999999999997,101730.0,3.6,0.0,0.0,1604073600.0,-0.9,26.619999999999997,-0.0
2020-10-30 18:00:00+00:00,0.0,0.0,0.0,25.92,3.09,2020-10-30T18:00:00.000Z,2020-10-30 18:00:00,0.0,25.92,101750.0,3.09,0.0,0.0,1604077200.0,-0.9,25.92,0.0
2020-10-30 19:00:00+00:00,0.0,0.0,0.0,25.52,3.09,2020-10-30T19:00:00.000Z,2020-10-30 19:00:00,0.0,25.52,101760.0,3.09,0.0,0.0,1604080800.0,-0.9,25.52,0.0
2020-10-30 20:00:00+00:00,0.0,0.0,0.0,25.32,3.6,2020-10-30T20:00:00.000Z,2020-10-30 20:00:00,0.0,25.32,101820.0,3.6,0.0,0.0,1604084400.0,-0.9,25.32,0.0
2020-10-30 21:00:00+00:00,0.0,0.0,0.0,25.619999999999997,3.6,2020-10-30T21:00:00.000Z,2020-10-30 21:00:00,0.0,25.619999999999997,101820.0,3.6,0.0,0.0,1604088000.0,-0.9,25.619999999999997,0.0
2020-10-30 22:00:00+00:00,0.0,0.0,0.0,25.619999999999997,3.6,2020-10-30T22:00:00.000Z,2020-10-30 22:00:00,0.0,25.619999999999997,101820.0,3.6,0.0,0.0,1604091600.0,-0.9,25.619999999999997,0.0
2020-10-30 23:00:00+00:00,0.0,0.0,0.0,25.82,3.09,2020-10-30T23:00:00.000Z,2020-10-30 23:00:00,0.0,25.82,101810.0,3.09,0.0,0.0,1604095200.0,-0.9,25.82,0.0
2020-10-31 00:00:00+00:00,0.0,0.0,0.0,25.42,3.09,2020-10-31T00:00:00.000Z,2020-10-31 00:00:00,0.0,25.42,101820.0,3.09,0.0,0.0,1604098800.0,-0.9,25.42,0.0
2020-10-31 01:00:00+00:00,0.0,0.0,0.0,25.32,3.09,2020-10-31T01:00:00.000Z,2020-10-31 01:00:00,0.0,25.32,101810.0,3.09,0.0,0.0,1604102400.0,-0.9,25.32,0.0
2020-10-31 02:00:00+00:00,0.0,0.0,0.0,25.119999999999997,3.09,2020-10-31T02:00:00.000Z,2020-10-31 02:00:00,0.0,25.119999999999997,101800.0,3.09,0.0,0.0,1604106000.0,-0.9,25.119999999999997,0.0
2020-10-31 03:00:00+00:00,0.0,0.0,0.0,24.92,3.09,2020-10-31T03:00:00.000Z,2020-10-31 03:00:00,0.0,24.92,101800.0,3.09,0.0,0.0,1604109600.0,-0.9,24.92,0.0
2020-10-31 04:00:00+00:00,0.0,0.0,0.0,24.72,3.09,2020-10-31T04:00:00.000Z,2020-10-31 04:00:00,0.0,24.72,101800.0,3.09,0.0,0.0,1604113200.0,-0.9,24.72,0.0
2020-10-31 05:00:00+00:00,0.0,0.0,0.0,24.72,3.09,2020-10-31T05:00:00.000Z,2020-10-31 05:00:00,0.0,24.72,101800.0,3.09,0.0,0.0,1604116800.0,-0.9,24.72,0.0
2020-10-31 06:00:00+00:00,0.0,0.0,0.0,24.82,3.09,2020-10-31T06:00:00.000Z,2020-10-31 06:00:00,0.0,24.82,101810.0,3.09,0.0,0.0,1604120400.0,-0.9,24.82,0.0
2020-10-31 07:00:00+00:00,2.7777800000000004,0.0,2.7777800000000004,25.02,3.09,2020-10-31T07:00:00.000Z,2020-10-31 07:00:00,10.0,25.02,101830.0,3.09,2.7777800000000004,23.90330801152,1604124000.0,-0.9,25.085468758359163,19.35114895001657
2020-10-31 08:00:00+00:00,30.555580000000003,0.0,30.488285775612567,25.22,3.6,2020-10-31T08:00:00.000Z,2020-10-31 08:00:00,110.0,25.22,101850.0,3.6,30.555580000000003,262.93638812672003,1604127600.0,211.91204278619327,25.914790598419525,238.54590392597123
2020-10-31 09:00:00+00:00,88.88896000000001,0.0,88.31946177047331,26.119999999999997,3.6,2020-10-31T09:00:00.000Z,2020-10-31 09:00:00,320.0,26.119999999999997,101860.0,3.6,88.88896000000001,764.90585636864,1604131200.0,691.0414267418134,28.132809257256017,717.1447701807933
2020-10-31 10:00:00+00:00,150.00012,0.0,148.37838480732435,27.82,4.12,2020-10-31T10:00:00.000Z,2020-10-31 10:00:00,540.0,27.82,101860.0,4.12,150.00012,1290.77863262208,1604134800.0,1187.8774742548933,31.088120330315252,1214.715400629511
2020-10-31 11:00:00+00:00,188.88904000000002,0.0,186.3173995572935,28.42,4.12,2020-10-31T11:00:00.000Z,2020-10-31 11:00:00,680.0,28.42,101840.0,4.12,188.88904000000002,1625.4249447833602,1604138400.0,1500.8944929969432,32.523911024610605,1529.0176113511072
2020-10-31 12:00:00+00:00,197.22238000000002,0.0,194.4188247509335,28.92,4.63,2020-10-31T12:00:00.000Z,2020-10-31 12:00:00,710.0,28.92,101820.0,4.63,197.22238000000002,1697.13486881792,1604142000.0,1565.8709408567665,33.06187472231546,1594.3824311612204
2020-10-31 13:00:00+00:00,180.55570000000003,0.0,178.20596365258763,29.119999999999997,4.63,2020-10-31T13:00:00.000Z,2020-10-31 13:00:00,650.0,29.119999999999997,101800.0,4.63,180.55570000000003,1553.7150207488003,1604145600.0,1429.871323433301,32.91641359363431,1457.7680561167251
2020-10-31 14:00:00+00:00,138.889,0.0,137.49862346306958,29.02,4.12,2020-10-31T14:00:00.000Z,2020-10-31 14:00:00,500.0,29.02,101780.0,4.12,138.889,1195.165400576,1604149200.0,1091.1410092685558,32.04845325921061,1117.8931797711396
2020-10-31 15:00:00+00:00,86.11118,0.0,86.11118,28.52,4.12,2020-10-31T15:00:00.000Z,2020-10-31 15:00:00,310.0,28.52,101780.0,4.12,86.11118,741.00254835712,1604152800.0,665.3417061545471,30.41636437223797,691.6202198142356
2020-10-31 16:00:00+00:00,27.777800000000003,0.0,27.777800000000003,27.82,3.6,2020-10-31T16:00:00.000Z,2020-10-31 16:00:00,100.0,27.82,101800.0,3.6,27.777800000000003,239.03308011520002,1604156400.0,187.2145818253985,28.45300277685825,213.85688812894108
2020-10-31 17:00:00+00:00,0.0,0.0,0.0,27.02,3.6,2020-10-31T17:00:00.000Z,2020-10-31 17:00:00,0.0,27.02,101810.0,3.6,0.0,0.0,1604160000.0,-0.9,27.02,0.0
2020-10-31 18:00:00+00:00,0.0,0.0,0.0,26.42,3.09,2020-10-31T18:00:00.000Z,2020-10-31 18:00:00,0.0,26.42,101830.0,3.09,0.0,0.0,1604163600.0,-0.9,26.42,0.0
2020-10-31 19:00:00+00:00,0.0,0.0,0.0,25.619999999999997,3.09,2020-10-31T19:00:00.000Z,2020-10-31 19:00:00,0.0,25.619999999999997,101840.0,3.09,0.0,0.0,1604167200.0,-0.9,25.619999999999997,0.0
2020-10-31 20:00:00+00:00,0.0,0.0,0.0,25.22,3.09,2020-10-31T20:00:00.000Z,2020-10-31 20:00:00,0.0,25.22,101850.0,3.09,0.0,0.0,1604170800.0,-0.9,25.22,0.0
2020-10-31 21:00:00+00:00,0.0,0.0,0.0,25.02,3.6,2020-10-31T21:00:00.000Z,2020-10-31 21:00:00,0.0,25.02,101850.0,3.6,0.0,0.0,1604174400.0,-0.9,25.02,0.0
2020-10-31 22:00:00+00:00,0.0,0.0,0.0,25.02,3.6,2020-10-31T22:00:00.000Z,2020-10-31 22:00:00,0.0,25.02,101850.0,3.6,0.0,0.0,1604178000.0,-0.9,25.02,0.0
2020-10-31 23:00:00+00:00,0.0,0.0,0.0,25.42,3.6,2020-10-31T23:00:00.000Z,2020-10-31 23:00:00,0.0,25.42,101840.0,3.6,0.0,0.0,1604181600.0,-0.9,25.42,0.0
2020-11-01 00:00:00+00:00,0.0,0.0,0.0,25.72,3.6,2020-11-01T00:00:00.000Z,2020-11-01 00:00:00,0.0,25.72,101840.0,3.6,0.0,0.0,1604185200.0,-0.9,25.72,0.0
2020-11-01 01:00:00+00:00,0.0,0.0,0.0,25.619999999999997,3.09,2020-11-01T01:00:00.000Z,2020-11-01 01:00:00,0.0,25.619999999999997,101830.0,3.09,0.0,0.0,1604188800.0,-0.9,25.619999999999997,0.0
2020-11-01 02:00:00+00:00,0.0,0.0,0.0,25.42,3.09,2020-11-01T02:00:00.000Z,2020-11-01 02:00:00,0.0,25.42,101820.0,3.09,0.0,0.0,1604192400.0,-0.9,25.42,0.0
2020-11-01 03:00:00+00:00,0.0,0.0,0.0,25.22,3.09,2020-11-01T03:00:00.000Z,2020-11-01 03:00:00,0.0,25.22,101810.0,3.09,0.0,0.0,1604196000.0,-0.9,25.22,0.0
2020-11-01 04:00:00+00:00,0.0,0.0,0.0,25.119999999999997,3.09,2020-11-01T04:00:00.000Z,2020-11-01 04:00:00,0.0,25.119999999999997,101800.0,3.09,0.0,0.0,1604199600.0,-0.9,25.119999999999997,0.0
2020-11-01 05:00:00+00:00,0.0,0.0,0.0,25.22,3.09,2020-11-01T05:00:00.000Z,2020-11-01 05:00:00,0.0,25.22,101800.0,3.09,0.0,0.0,1604203200.0,-0.9,25.22,0.0
2020-11-01 06:00:00+00:00,0.0,0.0,0.0,25.22,3.6,2020-11-01T06:00:00.000Z,2020-11-01 06:00:00,0.0,25.22,101810.0,3.6,0.0,0.0,1604206800.0,-0.9,25.22,0.0
2020-11-01 07:00:00+00:00,2.7777800000000004,0.0,2.7777800000000004,25.52,3.6,2020-11-01T07:00:00.000Z,2020-11-01 07:00:00,10.0,25.52,101820.0,3.6,2.7777800000000004,23.90330801152,1604210400.0,-0.9,25.583300277685826,19.297467687464408
2020-11-01 08:00:00+00:00,27.777800000000003,0.0,27.722214486342427,26.119999999999997,3.6,2020-11-01T08:00:00.000Z,2020-11-01 08:00:00,100.0,26.119999999999997,101850.0,3.6,27.777800000000003,239.03308011520002,1604214000.0,188.45963001458168,26.75175347721429,215.11228766558128
2020-11-01 09:00:00+00:00,86.11118,0.0,85.57700321375071,27.02,3.6,2020-11-01T09:00:00.000Z,2020-11-01 09:00:00,310.0,27.02,101850.0,3.6,86.11118,741.00254835712,1604217600.0,665.3121741597681,28.970302838682162,691.4907597696003
2020-11-01 10:00:00+00:00,141.66678000000002,0.0,140.22100078976652,28.02,4.12,2020-11-01T10:00:00.000Z,2020-11-01 10:00:00,510.0,28.02,101850.0,4.12,141.66678000000002,1219.0687085875202,1604221200.0,1118.6850616515617,31.10842295838072,1145.37214418553
2020-11-01 11:00:00+00:00,180.55570000000003,0.0,178.2072120479675,28.02,4.12,2020-11-01T11:00:00.000Z,2020-11-01 11:00:00,650.0,28.02,101830.0,4.12,180.55570000000003,1553.7150207488003,1604224800.0,1435.8561186485058,31.945238760009804,1463.6075692961456
2020-11-01 12:00:00+00:00,194.4446,0.0,191.72090983077885,28.619999999999997,4.12,2020-11-01T12:00:00.000Z,2020-11-01 12:00:00,700.0,28.619999999999997,101810.0,4.12,194.4446,1673.2315608064,1604228400.0,1544.5161820046874,32.842954595740224,1572.8957615938612
2020-11-01 13:00:00+00:00,180.55570000000003,0.0,178.2072120479675,28.82,4.12,2020-11-01T13:00:00.000Z,2020-11-01 13:00:00,650.0,28.82,101790.0,4.12,180.55570000000003,1553.7150207488003,1604232000.0,1430.9298764625999,32.74523876000981,1458.8059013686805
2020-11-01 14:00:00+00:00,141.66678000000002,0.0,140.22100078976652,28.82,4.12,2020-11-01T14:00:00.000Z,2020-11-01 14:00:00,510.0,28.82,101770.0,4.12,141.66678000000002,1219.0687085875202,1604235600.0,1114.7785255584768,31.908422958380722,1141.5595288359657
2020-11-01 15:00:00+00:00,83.33340000000001,0.0,83.33340000000001,28.22,3.6,2020-11-01T15:00:00.000Z,2020-11-01 15:00:00,300.0,28.22,101760.0,3.6,83.33340000000001,717.0992403456,1604239200.0,642.9695585268871,30.11900833057474,669.2404653967515
2020-11-01 16:00:00+00:00,25.000020000000003,0.0,25.000020000000003,27.52,3.6,2020-11-01T16:00:00.000Z,2020-11-01 16:00:00,90.0,27.52,101760.0,3.6,25.000020000000003,215.12977210368,1604242800.0,165.17845323621424,28.08970249917242,191.83210730565781
2020-11-01 17:00:00+00:00,0.0,0.0,0.0,26.82,3.09,2020-11-01T17:00:00.000Z,2020-11-01 17:00:00,0.0,26.82,101710.0,3.09,0.0,0.0,1604246400.0,-0.9,26.82,0.0
2020-11-01 18:00:00+00:00,0.0,0.0,0.0,26.02,3.09,2020-11-01T18:00:00.000Z,2020-11-01 18:00:00,0.0,26.02,101730.0,3.09,0.0,0.0,1604250000.0,-0.9,26.02,0.0
2020-11-01 19:00:00+00:00,0.0,0.0,0.0,25.72,3.09,2020-11-01T19:00:00.000Z,2020-11-01 19:00:00,0.0,25.72,101740.0,3.09,0.0,0.0,1604253600.0,-0.9,25.72,0.0
2020-11-01 20:00:00+00:00,0.0,0.0,0.0,25.52,3.09,2020-11-01T20:00:00.000Z,2020-11-01 20:00:00,0.0,25.52,101750.0,3.09,0.0,0.0,1604257200.0,-0.9,25.52,0.0
2020-11-01 21:00:00+00:00,0.0,0.0,0.0,25.22,3.09,2020-11-01T21:00:00.000Z,2020-11-01 21:00:00,0.0,25.22,101750.0,3.09,0.0,0.0,1604260800.0,-0.9,25.22,0.0
2020-11-01 22:00:00+00:00,0.0,0.0,0.0,25.119999999999997,3.09,2020-11-01T22:00:00.000Z,2020-11-01 22:00:00,0.0,25.119999999999997,101750.0,3.09,0.0,0.0,1604264400.0,-0.9,25.119999999999997,0.0
2020-11-01 23:00:00+00:00,0.0,0.0,0.0,24.92,3.6,2020-11-01T23:00:00.000Z,2020-11-01 23:00:00,0.0,24.92,101820.0,3.6,0.0,0.0,1604268000.0,-0.9,24.92,0.0
2020-11-02 00:00:00+00:00,0.0,0.0,0.0,24.72,3.6,2020-11-02T00:00:00.000Z,2020-11-02 00:00:00,0.0,24.72,101810.0,3.6,0.0,0.0,1604271600.0,-0.9,24.72,0.0
2020-11-02 01:00:00+00:00,0.0,0.0,0.0,24.52,3.6,2020-11-02T01:00:00.000Z,2020-11-02 01:00:00,0.0,24.52,101800.0,3.6,0.0,0.0,1604275200.0,-0.9,24.52,0.0
2020-11-02 02:00:00+00:00,0.0,0.0,0.0,24.32,3.6,2020-11-02T02:00:00.000Z,2020-11-02 02:00:00,0.0,24.32,101780.0,3.6,0.0,0.0,1604278800.0,-0.9,24.32,0.0
2020-11-02 03:00:00+00:00,0.0,0.0,0.0,24.22,3.6,2020-11-02T03:00:00.000Z,2020-11-02 03:00:00,0.0,24.22,101770.0,3.6,0.0,0.0,1604282400.0,-0.9,24.22,0.0
2020-11-02 04:00:00+00:00,0.0,0.0,0.0,24.02,3.6,2020-11-02T04:00:00.000Z,2020-11-02 04:00:00,0.0,24.02,101760.0,3.6,0.0,0.0,1604286000.0,-0.9,24.02,-0.0
2020-11-02 05:00:00+00:00,0.0,0.0,0.0,23.82,3.09,2020-11-02T05:00:00.000Z,2020-11-02 05:00:00,0.0,23.82,101650.0,3.09,0.0,0.0,1604289600.0,-0.9,23.82,0.0
2020-11-02 06:00:00+00:00,0.0,0.0,0.0,23.42,3.09,2020-11-02T06:00:00.000Z,2020-11-02 06:00:00,0.0,23.42,101660.0,3.09,0.0,0.0,1604293200.0,-0.9,23.42,-0.0
2020-11-02 07:00:00+00:00,0.0,0.0,0.0,23.72,3.09,2020-11-02T07:00:00.000Z,2020-11-02 07:00:00,0.0,23.72,101670.0,3.09,0.0,0.0,1604296800.0,-0.9,23.72,0.0
2020-11-02 08:00:00+00:00,25.000020000000003,0.0,24.955019448166876,24.22,3.09,2020-11-02T08:00:00.000Z,2020-11-02 08:00:00,90.0,24.22,101740.0,3.09,25.000020000000003,215.12977210368,1604300400.0,167.74640928269966,24.80817277793528,194.43256172878554
2020-11-02 09:00:00+00:00,77.77784000000001,0.0,77.34227910324482,25.22,3.6,2020-11-02T09:00:00.000Z,2020-11-02 09:00:00,280.0,25.22,101740.0,3.6,77.77784000000001,669.2926243225601,1604304000.0,601.5186485531802,26.9826184247513,627.6240264994817
2020-11-02 10:00:00+00:00,133.33344000000002,0.0,132.05342430341332,26.32,4.12,2020-11-02T10:00:00.000Z,2020-11-02 10:00:00,480.0,26.32,101730.0,4.12,133.33344000000002,1147.35878455296,1604307600.0,1058.270561520034,29.228504206202135,1084.6098256431355
